bits,p,a,b,px,py,qx,qy,expected,provided,success,elapsed_seconds,one_cycle_iteration_count
10,701,173,172,115,689,319,353,23,23,True,0.000733,52
10,983,505,776,954,196,250,799,47,47,True,0.000211,62
10,1013,201,666,878,101,878,101,1,1,True,0.000159,62
10,613,486,569,2,218,421,419,363,363,True,0.001047,48
10,971,31,734,122,930,603,932,450,450,True,0.001277,62
10,719,487,501,618,467,201,709,6,6,True,0.000710,52
10,839,835,615,532,507,763,775,213,213,True,0.000504,56
10,619,247,398,285,405,122,511,4,4,True,0.000417,48
10,761,2,129,606,93,350,33,8,18,False,0.000092,54
10,541,444,399,393,475,452,438,131,131,True,0.000338,46
11,1663,530,1445,401,935,795,1573,462,462,True,0.000573,80
11,1153,427,371,976,782,644,305,627,627,True,0.001230,66
11,1433,688,1120,924,1281,577,102,734,734,True,0.000350,74
11,2027,741,914,356,1224,9,1187,762,762,True,0.002894,90
11,1117,75,135,1095,301,670,941,662,662,True,0.000850,66
11,1063,329,717,181,941,954,276,474,474,True,0.000334,64
11,1201,24,463,20,297,477,342,450,450,True,0.000730,68
11,1223,46,297,286,195,618,859,134,134,True,0.001026,68
11,1613,1223,1417,1427,1528,1083,1376,66,66,True,0.000236,80
11,1979,1377,1044,1784,575,18,1028,189,189,True,0.000284,88
12,3407,615,3232,1462,1766,2070,2745,2043,2043,True,0.001166,116
12,2999,450,2049,1273,2314,275,2646,620,620,True,0.000527,108
12,2593,281,2044,2141,1186,1838,1121,979,979,True,0.000428,100
12,2477,1516,2406,2033,975,2266,1879,702,702,True,0.000807,98
12,3821,1917,989,3466,2434,3181,713,329,329,True,0.000431,122
12,2411,1829,1739,129,1312,1255,1507,1263,1263,True,0.002226,98
12,2617,2232,1939,114,1576,684,209,2503,2503,True,0.001387,102
12,3559,1739,2329,1963,2931,2881,1721,129,129,True,0.004255,118
12,3559,2612,3185,3065,3062,2669,1699,3305,3305,True,0.001589,118
12,2671,2479,1485,1183,604,2373,2542,1207,1207,True,0.000918,102
13,6397,4576,6018,2205,1495,4426,2597,1134,1134,True,0.002449,158
13,7853,4272,4247,5634,170,4573,5199,1736,1736,True,0.000673,176
13,4931,1804,2637,4443,2725,4042,1074,1387,1387,True,0.002244,140
13,6133,5138,5934,4788,1517,3243,1126,880,880,True,0.000599,156
13,7549,1490,7406,5972,2363,3897,3548,334,334,True,0.002258,172
13,7643,6116,3679,7223,5726,259,2215,2570,2570,True,0.000697,174
13,5419,4152,2264,1468,378,3966,2125,33,33,True,0.000555,146
13,6389,4858,3947,90,1394,2571,5787,4810,4810,True,0.002636,158
13,5107,241,4347,4805,2316,4077,566,2214,2214,True,0.000485,142
13,7459,3787,356,1848,6436,4427,3484,1896,1896,True,0.000602,172
14,10369,3007,6301,3251,2860,2058,4322,9285,9285,True,0.001957,202
14,15349,10735,4479,14419,12770,5024,747,8893,8893,True,0.006255,246
14,10433,5441,5319,10138,4942,10109,10006,42,42,True,0.000277,204
14,10301,466,7334,2050,874,2353,1505,294,294,True,0.005216,202
14,15497,10242,12531,2673,1718,12141,4684,6227,6227,True,0.005981,248
14,8861,7116,455,319,5491,7305,6636,3643,3643,True,0.000733,188
14,11273,3248,9924,6056,840,7249,4840,1705,1705,True,0.001829,212
14,10709,2851,671,6306,2388,9149,8483,17,17,True,0.001353,206
14,12343,5719,6963,1570,9501,12027,7887,11653,11653,True,0.000601,222
14,15683,11873,1366,2449,582,13507,12166,13871,13871,True,0.001057,250
15,18427,2037,4513,13221,13246,4769,5981,12891,12891,True,0.001327,270
15,32717,19206,24689,16886,2166,9266,13750,3184,3184,True,0.011096,360
15,17047,2532,7898,10192,11255,7448,9501,2548,2548,True,0.001141,260
15,26119,16256,15679,18277,11668,22809,1137,14378,14378,True,0.013958,322
15,23719,22600,15423,12540,11310,18590,10968,13137,13137,True,0.002147,308
15,17231,10103,8122,10216,9668,14006,2483,8126,8126,True,0.001470,262
15,21377,17237,11189,20075,4453,9868,319,13595,13595,True,0.000980,292
15,17681,3774,5809,16451,7774,6548,17409,3203,3203,True,0.003017,264
15,22741,6429,8708,11438,19112,8399,13897,10006,10006,True,0.005921,300
15,20101,15088,17051,10047,19922,4444,18312,125,125,True,0.000485,282
16,35533,18554,35515,27170,13511,11537,24428,4029,4029,True,0.003197,376
16,52267,34316,11741,12198,44368,36349,46448,3407,3407,True,0.002802,456
16,48197,14671,46512,2607,15194,10377,42637,22611,22611,True,0.005363,438
16,49333,32384,11851,18311,36543,40975,10689,32417,32417,True,0.006466,444
16,65173,57393,44069,10014,46935,39755,14229,52171,52171,True,0.005171,510
16,39133,31685,25912,39017,30227,17039,35741,59,59,True,0.004497,394
16,55117,46154,32324,25330,47189,47014,20755,2909,2909,True,0.004008,468
16,44171,34274,33560,10741,21415,890,32794,1052,1052,True,0.009362,420
16,34759,5295,26580,25639,10161,10403,27966,1456,1456,True,0.005304,372
16,64627,5394,26939,22414,53116,42735,7366,1473,1473,True,0.002311,508
17,78919,12611,66071,33046,45163,32889,69751,12460,12460,True,0.014750,560
17,80317,19583,25724,65964,48978,34732,7375,39197,39197,True,0.002562,566
17,76099,64831,6712,72719,71294,29664,69773,30059,30059,True,0.001058,550
17,117833,47461,45800,63935,91324,101622,93128,21554,21554,True,0.005296,686
17,67447,39385,16907,51037,66270,64158,4787,443,443,True,0.001039,518
17,85363,63820,48884,25716,68036,26543,8088,8387,8387,True,0.002013,584
17,81611,158,76524,75166,71453,71021,74038,48462,48462,True,0.002815,570
17,84991,57808,13132,70355,4867,36138,26546,35149,35149,True,0.001233,582
17,102043,20020,39740,74745,27485,21405,83617,30577,30577,True,0.013296,638
17,125711,99818,91507,105851,48884,34782,67653,25,25,True,0.002963,708
18,225671,97835,68757,44093,183229,222451,190536,13900,13900,True,0.001757,950
18,134093,24636,68933,87436,568,112133,4058,21009,21009,True,0.006090,732
18,207769,138102,14828,175225,27905,166678,149191,40151,40151,True,0.014378,910
18,248203,88853,38088,168796,244197,179207,218283,64676,64676,True,0.003520,996
18,141833,80332,93914,23722,124500,103592,134146,70823,70823,True,0.007356,752
18,174467,4489,111058,32690,73389,105441,169404,55476,55476,True,0.003560,834
18,238093,1998,45333,166664,8654,136458,68901,84477,84477,True,0.004798,974
18,158621,17444,48546,52582,145609,77083,83362,73963,73963,True,0.005985,796
18,188933,93721,61848,81182,69928,135902,15655,2389,2389,True,0.006279,868
18,136531,117168,7046,129122,134094,88028,129574,15537,15537,True,0.007781,738
19,443243,59389,101668,145265,341423,358172,170311,6425,6425,True,0.002018,1330
19,335107,199061,35954,331509,111739,165705,205093,29482,29482,True,0.002151,1156
19,442243,240546,224331,306655,100460,180765,235904,421601,421601,True,0.005977,1330
19,467587,307100,18917,439262,305876,263432,359284,12867,12867,True,0.002556,1366
19,517747,471436,320539,33922,504901,471282,288586,484534,484534,True,0.011261,1438
19,437083,105728,406556,276313,342322,384688,31271,159809,159809,True,0.005571,1322
19,502841,500717,184666,446484,110111,358035,228749,492142,492142,True,0.005964,1418
19,308507,192106,124928,189242,41867,238381,286211,52764,52764,True,0.005358,1110
19,495211,278150,211693,307608,484347,295157,270422,85747,85747,True,0.004601,1406
19,321847,114669,68581,256554,245070,61022,289265,5771,5771,True,0.002532,1134
20,1038797,745955,309312,150847,389444,617125,776593,258168,258168,True,0.008457,2038
20,878077,864478,203889,831691,279411,3990,219411,149674,149674,True,0.017165,1874
20,779983,262213,618033,641995,631177,29430,375473,162088,162088,True,0.056462,1766
20,997807,655661,246467,551866,110531,662234,581237,572940,572940,True,0.006768,1996
20,983861,885963,32958,840208,144288,962320,479209,75747,75747,True,0.048030,1982
20,1021289,60144,910082,292613,1015850,427524,975675,308082,308082,True,0.003480,2020
20,581597,218724,250587,175556,539302,254371,228232,10800,10800,True,0.004616,1524
20,989341,325123,825872,728432,49715,147177,561351,181895,181895,True,0.008071,1988
20,694457,314093,207362,603764,127953,239543,397073,49293,49293,True,0.003319,1666
20,835427,213527,798289,133237,788183,253959,454693,359877,359877,True,0.019606,1828
21,1571611,1510799,73631,856619,894787,986172,864138,426207,426207,True,0.012351,2506
21,1091221,957060,1034751,785949,199687,392917,180595,310,310,True,0.013302,2088
21,1992623,511486,1318601,734209,973840,760329,1277111,1510155,1510155,True,0.025781,2822
21,1822981,1365358,1394826,1658867,234496,52625,1458613,881632,881632,True,0.054806,2700
21,1419403,609613,1321624,139081,918324,1365173,250676,470306,470306,True,0.024192,2382
21,1407389,648815,17884,935446,1219636,1234980,452118,4167,4167,True,0.013490,2372
21,1984117,1589225,432486,1023693,1638970,510632,143622,175817,175817,True,0.006168,2816
21,1529629,1416938,1317271,731333,437695,1390614,332375,1464594,1464594,True,0.014762,2472
21,1861757,403064,1755595,230609,1546262,952878,1057702,1028196,1028196,True,0.032921,2728
21,1059131,537722,116818,990108,717023,470180,423487,350127,350127,True,0.007014,2058
22,3414913,2116476,178869,1512163,3065643,2438187,1457578,968436,968436,True,0.035652,3694
22,3278789,1361884,3019087,1307251,1096047,1429957,1150464,101441,101441,True,0.042912,3620
22,2742521,58549,790720,2202941,2542439,1637967,7615,274019,274019,True,0.006831,3312
22,3460319,2905035,510018,3080535,595744,1834203,1945956,3402803,3402803,True,0.045845,3720
22,3104749,2204124,148163,904992,3002080,241542,859413,764585,764585,True,0.012055,3524
22,3764669,3548075,1129021,1855531,1640761,853102,1934398,228615,228615,True,0.022282,3880
22,3184697,2564326,2345234,2327863,1323230,883921,921038,262240,262240,True,0.011300,3568
22,3483581,3266274,2678650,2913941,39547,2115453,3008178,2270371,2270371,True,0.080504,3732
22,2735477,287049,1428942,444508,2646535,599259,143984,2689190,2689190,True,0.018218,3306
22,3918379,2147407,2409864,2525475,2220000,623439,2811870,76855,76855,True,0.009229,3958
23,7107211,6663442,1234992,2494809,2926117,480998,5461240,6270355,6270355,True,0.034486,5330
23,5258327,3257124,1948929,1227009,1630204,608600,139943,1835108,1835108,True,0.059795,4586
23,5971193,1027863,4285071,4907273,3159958,5251850,975146,56661,56661,True,0.045800,4886
23,6520847,590837,811641,1543721,6373057,2010453,1045038,1902536,1902536,True,0.015482,5106
23,4210813,2912027,3631481,3266092,2750481,3217932,4119915,3422874,3422874,True,0.066638,4104
23,7953107,2567248,4214211,2331527,7800252,1352901,3677897,2122627,2122627,True,0.065611,5640
23,6003967,1312147,406070,5761052,3836309,490491,53048,818725,818725,True,0.241389,4900
23,5827709,3131794,3006481,1369607,1161390,1506356,4541951,4610105,4610105,True,0.015757,4828
23,5605777,4811975,5365572,2387123,2165840,1877431,1473421,1538536,1538536,True,0.016694,4734
23,5606561,1142490,3579536,6880,1339091,3353158,206649,1250898,1250898,True,0.027201,4734
24,12071093,1213837,7255932,10632578,1424911,10026627,6904791,4994537,4994537,True,0.053986,6948
24,8583503,1843658,1409551,665082,4176657,5768183,5457205,60451,60451,True,0.009044,5858
24,11058571,7833477,5330459,5679849,2634847,2473252,4456172,879140,879140,True,0.043372,6650
24,15447403,10345710,12365411,6490486,12913240,2955123,11009080,333475,333475,True,0.010778,7860
24,13665011,12362420,11489032,13593148,4981752,4840534,2592058,5542383,5542383,True,0.076431,7392
24,11447963,3838182,10020151,10609128,2598678,6290286,2083715,5585610,5585610,True,0.022893,6766
24,13872829,8893459,6412771,1977177,7148140,3992724,9438882,10770994,10770994,True,0.032732,7448
24,15432929,13053893,5711327,4412030,5289609,13819821,10345173,8139847,8139847,True,0.239973,7856
24,10446673,3805200,2956894,9375717,7962765,4815997,3951059,1804885,1804885,True,0.121019,6464
24,14190181,7463980,2835179,6979750,1280880,212468,8219451,589694,589694,True,0.031044,7532
25,18313961,87040,9485987,14990219,1573493,12335360,12534520,6147825,6147825,True,0.079924,8558
25,19034881,11548919,9618893,13518884,15608252,2161584,7090841,608231,608231,True,0.012302,8724
25,32342003,18303774,7549716,17030540,5005603,9577701,15160314,2607517,2607517,True,0.052558,11374
25,19758547,4779468,7933934,7488413,12206901,3680323,18139314,3906694,3906694,True,0.153329,8890
25,20242273,12947946,17603554,13601570,3336802,9455293,15777152,19801687,19801687,True,0.051340,8998
25,21828497,18775058,16875149,13440536,6893733,5103558,4500102,460939,460939,True,0.012182,9344
25,23862877,10409680,16922001,19919084,4221285,3342585,2454225,10944974,10944974,True,0.158442,9768
25,24149327,10450981,1050738,3557289,1510149,20037415,5698102,6988940,6988940,True,0.097093,9828
25,28462591,2596798,6567861,9619841,18114469,27930721,26169247,12859467,12859467,True,0.047950,10670
25,29996717,2625090,25373952,17144453,2747798,8343155,23924675,1992,1992,True,0.008870,10952
26,60430033,20344362,15858403,55900099,37060133,58717636,1718923,966963,966963,True,0.038703,15546
26,66833077,14557473,1491115,32644742,30641043,3407147,9787385,26470390,26470390,True,0.138171,16350
26,59512489,25197474,37991815,3037924,31169001,27716605,14322383,5216121,5216121,True,0.028420,15428
26,42317507,13824166,28733795,24013109,19292250,26606429,20672098,13951567,13951567,True,0.043659,13010
26,40533211,2655992,15787030,18178963,27023896,4159011,25223540,25617482,25617482,True,0.275688,12732
26,37992491,12607066,35899798,32589709,8112684,16462854,12570895,27211118,27211118,True,0.024531,12326
26,64188701,45276407,4063443,40124933,6196444,46832584,33284941,57931625,57931625,True,0.792571,16022
26,50309071,24910038,48391813,50185816,36978481,18165491,12755492,1633994,1633994,True,0.026042,14184
26,41820733,19805486,13469360,18689133,34615355,36374877,31271612,4851361,4851361,True,0.094310,12932
26,38223811,18387366,25990385,29957689,29451785,8894703,23271340,18601382,18601382,True,0.054550,12364
27,130162811,105743565,61429591,111959298,40860505,8214976,81079404,45114196,45114196,True,0.079016,22816
27,111859147,25637419,50934582,733587,84080927,81683602,86488128,41400428,41400428,True,0.547602,21152
27,83382071,52396946,37035293,46351447,1725334,14586091,44123628,72583568,72583568,True,0.188237,18262
27,103846711,64280371,88039752,6297688,9878154,8029968,48327515,37874474,37874474,True,0.040718,20380
27,114868069,12606083,66042364,87193057,77717604,32372838,28057495,18536521,18536521,True,0.098695,21434
27,108417121,57637663,43437960,52664670,25531162,62971480,42512519,2431046,2431046,True,0.022855,20824
27,75523477,20626316,30724271,74263433,67149546,25079719,34407169,15555280,15555280,True,0.062675,17380
27,127765073,120974399,42190511,4549648,77903854,93827892,101420765,23674865,23674865,True,0.157342,22606
27,88296269,56910433,64071046,50149254,45838298,41809292,82821187,53102978,53102978,True,0.795164,18792
27,110591729,6000728,4551406,1757314,48934497,82796719,70726788,2683913,2683913,True,0.065065,21032
28,136232903,73129051,124356858,28805169,14770693,35110021,108987398,16378550,16378550,True,0.036090,23342
28,225052691,180515133,88297014,138906449,180915664,47450925,142959106,5962958,5962958,True,0.140153,30002
28,167201201,145379390,165110579,92672361,91957695,127626883,96291863,5532266,5532266,True,0.111161,25860
28,178249691,153507231,125999441,101904548,86364242,153301143,121512952,168353273,168353273,True,0.066593,26702
28,185006321,139515966,97512211,35541848,83524555,62597837,140985418,150785844,150785844,True,0.137234,27202
28,187413319,169166767,22981509,136140,97876969,20157633,105206806,5357771,5357771,True,0.346902,27378
28,264754927,151513974,179570178,47412049,29800645,104734978,85502784,3365920,3365920,True,0.212298,32542
28,265324223,149016601,26570636,197897069,227343669,17844462,256646994,30822719,30822719,True,0.092127,32576
28,184534159,131477605,35854496,128229810,136945692,29755232,8977091,23203863,23203863,True,0.339888,27168
28,216195949,62326026,56564063,188182334,185982306,151216157,153745044,22750345,22750345,True,0.121778,29406
29,327577967,43941224,170188254,298771194,65492654,187828296,269290976,42297252,42297252,True,0.062228,36198
29,284279771,29719955,16512544,267588292,45639293,191531314,207228970,60805655,60805655,True,0.060801,33720
29,477430579,120319597,93927786,439072218,93941014,422889113,316859634,29033976,29033976,True,0.049341,43700
29,416240449,52472682,3492507,373738263,219781016,406881389,380032762,132449858,132449858,True,0.149426,40802
29,363039601,256620732,211049560,269488215,127210026,138793870,214408740,189347235,189347235,True,0.346143,38106
29,290077429,94779418,156925363,125918464,38030079,40613443,61251332,218715,218715,True,0.217194,34062
29,295792807,201636332,245236374,58485357,294764219,107902261,16878029,32699351,32699351,True,0.844138,34396
29,279663767,143635989,75524579,21954201,163581210,114767525,200622765,15157458,15157458,True,0.065925,33446
29,485678717,252548188,314801128,141788417,265541063,30633782,279375711,328731998,328731998,True,0.196823,44076
29,438588301,347305680,365330779,335654075,240860357,340537040,301533222,289136423,289136423,True,1.038918,41884
30,804520831,348184805,779099879,137180691,228283939,548381187,29520063,329323068,329323068,True,0.227201,56728
30,814716269,452781766,89826201,569330272,313382698,763874025,313117889,14958024,14958024,True,0.120360,57086
30,657036011,299032079,501918697,334842885,582227688,546730087,92669562,28195571,28195571,True,0.114772,51264
30,962312837,408188418,906554175,352332879,270062770,127315884,527945081,368536171,368536171,True,0.628694,62042
30,1057653481,17581979,744539641,200521606,938025250,663438997,644998942,20562864,20562864,True,0.594458,65042
30,792627713,299993660,392064094,583865421,517980358,391605194,103762518,357324955,357324955,True,0.793584,56306
30,702773837,509156321,577963861,384431345,460592256,425130279,218663286,17983666,17983666,True,0.099230,53018
30,686055121,582258081,175307646,46355878,384723665,312245181,676981536,13380310,13380310,True,0.958040,52384
30,547473811,505753801,254129540,122419336,187111692,376469506,37106971,101411609,101411609,True,0.208003,46796
30,826318799,347777786,99945148,20911725,170036795,179738466,129148495,65664880,65664880,True,0.147277,57490
31,2012964119,1951630,1571401542,1752538675,1434098039,952767095,521983504,1608016348,1608016348,True,3.677019,89732
31,1642545721,1410869603,1314932326,966757116,1245885352,472881644,1280108320,3493125,3493125,True,0.096212,81056
31,1912131461,1494025255,993344021,1442425731,25185666,171048373,614980529,511170248,511170248,True,0.419441,87454
31,2014072741,1133334358,95385839,1975706914,162014274,619903170,685348935,105780606,105780606,True,0.348774,89756
31,2016392821,2000174327,1466554870,977417027,1668982080,295148840,300259442,335965606,335965606,True,0.220558,89808
31,1361756647,886177982,777879340,263493773,753066262,869386175,27463583,1107431553,1107431553,True,1.503031,73802
31,1251517769,131403206,163189952,1027533074,108319349,247772835,828122313,959495542,959495542,True,0.467794,70752
31,2128580801,690358340,343718020,1948353280,1990109803,2010533482,1998479141,258093576,258093576,True,0.359302,92272
31,1697464667,1510000777,830944375,272154373,936219452,1317887486,198866082,21315673,21315673,True,0.688881,82400
31,1126690349,714508473,783475855,388446285,707253230,232747145,1016953051,1076437333,1076437333,True,0.409732,67132
32,3991297879,1226769122,2261412767,1223867291,2737744976,424104055,3710204221,1123533172,1123533172,True,1.146843,126352
32,2315087339,1712651798,1335673907,511496057,456879203,458075129,459714778,60294316,60294316,True,0.164387,96230
32,3589121777,2256347460,1604897378,97474559,149317731,1021922564,990114985,3167356027,3167356027,True,2.714385,119818
32,3935878883,2182052524,439687583,1400323284,3026280388,553624261,2201642899,1214775443,1214775443,True,10.783334,125472
32,2987580599,790197838,2833924111,1116395526,1669093351,2636703172,861804830,392419258,392419258,True,2.060661,109316
32,2154047491,1833012879,1786517033,1150632236,732654203,422391916,1463059604,50182715,50182715,True,0.370239,92822
32,2427832079,1589007646,2093529729,763809601,144574904,1978282674,137832855,697095013,697095013,True,0.326434,98546
32,2733510883,710379195,2090338202,2111476747,1210331395,1735096331,971002981,671235530,671235530,True,0.934633,104564
32,3209042999,846486107,2991151052,1919139140,111521124,2550546674,3059997881,3089635218,3089635218,True,0.566145,113296
32,3878960509,2919791131,2254902890,1093611546,78681811,2592342411,1222006869,642829135,642829135,True,0.643013,124562
33,4629830627,3005832087,4551940471,2236103521,100670271,85276246,2386226905,767557488,767557488,True,0.449192,136084
33,4422231523,285447578,2567639273,3541472698,4006487732,1139850605,2271343016,40609074,40609074,True,1.090932,132998
33,5346754333,2562123888,5281973868,2710986862,1484466354,2888152397,2975616490,5008450059,5008450059,True,1.551554,146242
33,6246198977,5327767842,19362794,1961891291,4711123374,5752401460,2890488060,704833266,704833266,True,0.379406,158064
33,7021326979,3207139179,3662482274,544529136,3109211290,6461112256,6831085592,2052586104,2052586104,True,0.760504,167586
33,4355773801,1655920456,212220466,2865919855,2493457785,2269161761,3083356504,1727188899,1727188899,True,0.922656,131996
33,4531209539,1143460836,4510204935,2423741963,454073616,2334322139,1380998272,2079132428,2079132428,True,0.752886,134628
33,4342184459,1613570860,3055959458,709624072,1385167902,2501744012,2985512878,32485284,32485284,True,0.205167,131790
33,8482466771,4682184740,8445769160,990589504,6737997806,240266287,5844504813,53250215,53250215,True,0.408777,184200
33,5341566541,604093001,5246151460,1960586661,4466075321,99153726,568644253,647144186,647144186,True,1.106691,146172
34,15627270707,5140552767,3638522605,5127984577,15471454414,9848969584,12385043451,3876093875,3876093875,True,1.610578,250018
34,15658600987,3551141952,9352255224,11807243359,8013277822,794207162,10012043911,2794332869,2794332869,True,6.586781,250268
34,9693846637,7955995816,7459893079,8274090912,1219115541,7392664664,6923008447,8123086820,8123086820,True,3.941402,196914
34,15804955511,9334037299,8573215131,9684228040,5197797127,1981736464,2833105225,11264639227,11264639227,True,6.720204,251434
34,9581693047,3074892286,4678026317,5565930305,1829480080,3985542257,3428668739,5207301906,5207301906,True,0.580603,195772
34,9199776331,6133939298,6191097549,1832802360,8988435625,2434189835,3134580784,660559457,660559457,True,0.648585,191830
34,11588705959,8240746988,4056145704,8647813831,5959637265,10817501284,8935732722,7079048535,7079048535,True,4.245385,215300
34,10839504259,3446216664,4503644744,3342372556,1961528525,100173420,4490890208,2355036936,2355036936,True,4.720094,208224
34,15825154811,6436716831,13405296867,8403071072,254279941,3950349114,582211616,1497251210,1497251210,True,0.337648,251596
34,15370411033,4934353984,11359252247,10176701961,11181847777,5054015208,5576656250,5021554076,5021554076,True,4.611125,247954
35,21255406259,2146584331,9631848117,17282013236,20470188167,4375738742,16491011801,19269998784,19269998784,True,4.769994,291584
35,25934377613,9762351991,1814943168,23370200133,1970631188,18788022400,1543786023,3929724618,3929724618,True,4.937518,322082
35,25355507357,8360924938,10927840754,5526845088,16679896159,18139083326,14399991142,7836778587,7836778587,True,0.860994,318468
35,20926927013,12349462818,18085487048,7596727568,3282840212,17396289097,19766933576,1747560358,1747560358,True,7.357009,289322
35,20082143933,10237331300,17319125820,14445422360,3556221053,2788915491,3056168396,5450989375,5450989375,True,1.626539,283422
35,19106036251,15205281642,8647473642,12808472246,12197954237,207226229,9340608459,8238486209,8238486209,True,1.478335,276448
35,18310316179,700781305,5634676415,12446215881,14637533895,17232352355,16143435639,65123527,65123527,True,4.444366,270630
35,17439197393,9252523345,10940534935,179055257,13227498801,6694556258,16179249317,14680711170,14680711170,True,2.118256,264114
35,33404378083,8179557873,13296512224,12083776138,100812805,9835365846,919211346,29174454388,29174454388,True,10.604757,365536
35,21641303413,7656514013,6613483277,14833008572,17841961420,3242461752,20903886171,3946612077,3946612077,True,10.335980,294218
36,35596160953,1659943105,10132135506,9393325481,9567055640,12214827996,20563823569,3201084539,3201084539,True,1.268547,377338
36,66956438693,61349675032,40281058052,53996605596,26861716658,15354189967,1370183876,17438280172,17438280172,True,2.383164,517518
36,66071106307,9425827733,26654072692,46775771857,23485329193,62739723701,53299853379,2726404781,2726404781,True,1.210601,514086
36,34911532699,32656783728,12999692149,18581633068,32293992782,9753142197,1907460243,1745639637,1745639637,True,0.807774,373692
36,58636887733,56860105729,46470416103,7148752431,29256061765,51862043773,1633781967,3343820116,3343820116,True,1.058613,484300
36,51743822719,3249494351,47581794584,35163572126,38457302827,6558318265,7955800150,28279978148,28279978148,True,6.081351,454944
36,53214757777,30752403285,12701887969,37766195239,27523630716,16952887668,40327104722,63972883,63972883,True,1.065178,461366
36,58921472761,34666581684,22798792514,28020150342,11081984037,30981065619,16446690944,5079897798,5079897798,True,29.822531,485474
36,65520026659,46328183702,7094218847,36671947540,38402516681,27799003216,8345732319,32859661056,32859661056,True,6.224270,511936
36,52786519501,26043612264,37041122841,36776953892,8652211500,22872429043,42886665070,3667208788,3667208788,True,1.573270,459506
37,103600253749,29731937383,84402447690,1313174935,37679249001,37478396110,43372101463,44979853519,44979853519,True,2.253903,643738
37,94496356021,66772562891,62028667397,29382447461,68171693115,26132212479,67166865883,15563893871,15563893871,True,1.852416,614804
37,77462402027,58726232466,71395572051,25909488542,48288246162,45062010234,76865153655,23195078617,23195078617,True,1.306972,556640
37,87424663451,27069716531,51317303669,27679143240,29160112404,58327345754,13076307854,28540451468,28540451468,True,5.502629,591352
37,102703581817,101448812582,29980602288,61925507481,94669079159,88370848217,27739149226,11421253779,11421253779,True,5.839915,640946
37,96617778853,59397654459,44496357156,27636859190,62070074084,44977208622,13324132880,40142553331,40142553331,True,3.675188,621668
37,109596329393,45192688980,65166377612,23852145742,64322670383,99096978739,17811828540,285640869,285640869,True,2.809653,662106
37,99241796327,37637038431,32425916390,43627490355,18254177401,51995536013,52997093575,3339588461,3339588461,True,1.470618,630052
37,100550134523,16766006562,35709233918,56308606124,73415529655,19582893490,34362252494,41176055340,41176055340,True,4.604985,634192
37,85011529013,29474993054,47825273760,83996848730,27493004434,46688596393,29204708490,42657320314,42657320314,True,6.330084,583134
38,205588258819,196758395540,152439646838,25040447944,104677559732,154639042821,159481516976,90604700740,90604700740,True,60.442443,906836
38,188709054959,91086611869,169776932985,139555663883,178515147272,32514414428,172586336731,71041589435,71041589435,True,8.940178,868812
38,252064242943,60972169983,103275044010,221985711085,194432209037,138453409706,91174718646,17264288710,17264288710,True,5.683730,1004118
38,227627610449,84493644413,82964319289,77158318715,158054527823,194459229915,96637794242,48107525399,48107525399,True,8.725039,954206
38,269180707487,54077771796,190934157261,17771921571,208513138854,150231022948,71103348077,187404292990,187404292990,True,20.062202,1037652
38,209945786789,74046740355,194294628483,19897569732,188451407327,25681458635,162542433599,49391779453,49391779453,True,25.955302,916396
38,174117831991,154772086770,106538551130,55095014188,124635003328,117643161147,89172080792,167521714083,167521714083,True,14.005302,834548
38,235402662479,41971359691,111032031118,167279376995,117739866318,213879579828,9164701587,24930844092,24930844092,True,6.020389,970366
38,166488250853,133852580910,34555759113,10729124308,127371508722,165479578673,139464276137,47222018603,47222018603,True,4.698140,816058
38,271538224303,169812443175,95906436725,240072396469,47178807834,249845106790,187884671660,8913945305,8913945305,True,7.584304,1042186
39,416757796561,290526200314,355526643801,216803668537,391432313063,105318463066,116290495271,155505184144,155505184144,True,4.358757,1291134
39,284748066067,67789159095,22885051703,224214077414,101688366385,147330421741,77243150682,108088123759,108088123759,True,5.172482,1067234
39,460855063043,314431330370,417412005036,98450930445,426378642365,319908096604,80611125549,207361802474,207361802474,True,7.139751,1357726
39,338955792893,282838930551,225508900856,233913586949,253426898727,73426482824,93216689722,168822570865,168822570865,True,16.352463,1164398
39,525947265229,88419223284,404006748024,486911703968,238238668413,119719660077,340788754492,93343993859,93343993859,True,15.590900,1450444
39,540676932643,111653176348,258615068299,490773215042,166029801182,431086883059,461359030701,225456059506,225456059506,True,13.513826,1470614
39,532813850021,187832289114,355081034558,161781225083,451775958905,199110601996,417781447052,3108347095,3108347095,True,21.448166,1459880
39,442091496541,76293233470,152937761336,180432876087,242206589510,286251520852,279108824654,191990605633,191990605633,True,4.611435,1329798
39,546957812161,24733912047,235995777038,242643638439,542305218401,425387217044,214090534942,39316309538,39316309538,True,3.249213,1479130
39,447109527643,112979262543,335075998107,144334868998,92722433916,6380642871,112253537235,37275041232,37275041232,True,11.125338,1337324
